context_id,k,gap,censored
6a90b99fad,20,2.0014800002101243,False
51d6400a08,20,3.713572066704308,True
db22f87d7a,20,2.5649493574615367,False
ee6d1d8607,20,1.0360919316867758,False
8cece9a79d,20,3.713572066704308,True
245efb8f96,20,1.6094379124341003,False
e60f1726bf,20,3.713572066704308,True
c235c6b5ad,20,3.713572066704308,True
1766488b92,20,2.0014800002101243,False
1f5580d744,20,3.713572066704308,True
91318bf4d3,20,3.713572066704308,True
a1a4be340b,20,2.0014800002101243,False
211c678362,20,3.713572066704308,True
d42f0df203,20,2.5649493574615367,False
ac519b8956,20,3.713572066704308,True
a37f4b590f,20,3.713572066704308,True
00eca9f7a0,20,3.713572066704308,True
5ad83de10a,20,1.2992829841302609,False
e1df31c59a,20,2.0014800002101243,False
03fc074e6d,20,3.713572066704308,True
088dae60cf,20,3.713572066704308,True
3d2fc72097,20,3.713572066704308,True
689d3c8d32,20,2.5649493574615367,False
f8c182ff75,20,3.713572066704308,True
b1e3b23787,20,2.5649493574615367,False
71caf2f505,20,2.5649493574615367,False
0f4bf7eda4,20,1.2992829841302609,False
b9a83efb23,20,3.713572066704308,True
606158ac03,20,3.713572066704308,True
591b5fbd7d,20,1.550597412411167,False
4767e808e1,20,2.5649493574615367,False
c8c8d77dba,20,2.5649493574615367,False
e903c10ef7,20,2.5649493574615367,False
0833eb79a6,20,3.713572066704308,True
eab17ce663,20,2.5649493574615367,False
82e5d9540f,20,3.713572066704308,True
cc6af13856,20,1.6094379124341003,False
439ef3c94c,20,3.713572066704308,True
8570302958,20,3.713572066704308,True
411b784d52,20,3.713572066704308,True
41d8c81766,20,2.5649493574615367,False
9fd9cf6412,20,2.5649493574615367,False
11ca071f20,20,0.8023464725249373,False
345667fe4a,20,1.6094379124341003,False
3ade5bf72a,20,3.713572066704308,True
8597060269,20,2.5649493574615367,False
7cac785680,20,3.713572066704308,True
3a12303e3b,20,2.5649493574615367,False
f7cd597b1c,20,3.713572066704308,True
19adb872e9,20,3.713572066704308,True
cdb654adc4,20,2.5649493574615367,False
1b70778b89,20,3.713572066704308,True
83079a3bb4,20,3.713572066704308,True
610d852ea9,20,3.713572066704308,True
83a259a5b9,20,2.5649493574615367,False
bc97fa98d6,20,2.0014800002101243,False
c294336ad1,20,3.713572066704308,True
8496fe8c9f,20,1.2992829841302609,False
ce32a6e370,20,2.5649493574615367,False
7d75530d40,20,3.713572066704308,True
b726d14591,20,0.19105523676270922,False
f3a256104d,20,3.713572066704308,True
ec7cc377e9,20,3.713572066704308,True
f745493089,20,3.713572066704308,True
84edcec6af,20,3.713572066704308,True
a6b31b5453,20,3.713572066704308,True
a9cc455d40,20,3.713572066704308,True
b1ff3bfa27,20,3.713572066704308,True
6e45f3d730,20,2.5649493574615367,False
2818283cfb,20,3.713572066704308,True
d8fe3e845e,20,3.713572066704308,True
0cad7f471f,20,3.713572066704308,True
deff7fa553,20,3.713572066704308,True
2f71e1513a,20,3.713572066704308,True
c17a807761,20,3.713572066704308,True
00df6c5117,20,2.0014800002101243,False
0af7213742,20,3.713572066704308,True
139fd37970,20,3.713572066704308,True
e1e948dbea,20,3.713572066704308,True
ebbe2db501,20,1.0360919316867758,False
3aa9e63cc7,20,0.38566248081198473,False
dd3f72555b,20,3.713572066704308,True
9a4e3c7341,20,3.713572066704308,True
6251d60aee,20,2.0014800002101243,False
588d748910,20,3.713572066704308,True
8118533b8b,20,3.713572066704308,True
c1d9f1b068,20,3.713572066704308,True
4e8a7442b7,20,3.713572066704308,True
f8e82e50de,20,2.5649493574615367,False
11cc3f0ef7,20,2.5649493574615367,False
d4a689b55a,20,3.713572066704308,True
2695b641f0,20,3.713572066704308,True
a45d4b2d5d,20,3.713572066704308,True
1bb5c7ff78,20,3.713572066704308,True
33d7a6fa84,20,2.5649493574615367,False
befc1d0e08,20,2.5649493574615367,False
170a543497,20,3.713572066704308,True
248524f3c4,20,3.713572066704308,True
a507ce6a46,20,3.713572066704308,True
af2d24ba93,20,3.713572066704308,True
bd4b41dd26,20,3.713572066704308,True
43de790f83,20,3.713572066704308,True
eea9f94b2e,20,2.5649493574615367,False
7456a195de,20,3.713572066704308,True
2dc6473e1c,20,3.713572066704308,True
ea83b778d8,20,3.713572066704308,True
aab5cf3633,20,3.713572066704308,True
29bb915a5b,20,3.713572066704308,True
df845ee115,20,2.0014800002101243,False
2b9700c2c8,20,2.5649493574615367,False
57be6a3be4,20,3.713572066704308,True
75538d36e5,20,2.5649493574615367,False
e60752102c,20,3.713572066704308,True
1ca8f1bc2b,20,2.5649493574615367,False
23bb76c864,20,3.713572066704308,True
b51b7da6cf,20,3.713572066704308,True
434b39d765,20,1.2992829841302609,False
c7b1ce4c9d,20,1.9459101490553132,False
7e2e5457c3,20,1.236762627148927,False
d6d0eccfbc,20,3.713572066704308,True
b6bea2645f,20,3.713572066704308,True
0ba302911b,20,3.713572066704308,True
1f2f451925,20,2.5649493574615367,False
f0a40c541c,20,2.0014800002101243,False
a1315673f4,20,2.5649493574615367,False
7b0d4834e1,20,1.6094379124341003,False
91c656d0a9,20,3.713572066704308,True
0db5fe12eb,20,3.713572066704308,True
979be8ff4a,20,3.713572066704308,True
cae110304d,20,1.2992829841302609,False
7a34bd9cc4,20,1.6094379124341003,False
57a7dcc8ee,20,3.713572066704308,True
081c655876,20,3.713572066704308,True
4a1c988931,20,2.5649493574615367,False
f3a8c2231a,20,3.713572066704308,True
c74911b489,20,2.0014800002101243,False
c3b571b19d,20,2.512305623976115,False
a518745a5f,20,1.2992829841302609,False
fdcdfcc778,20,3.713572066704308,True
4958fd2c82,20,3.713572066704308,True
1547cca372,20,2.5649493574615367,False
e5510e4b62,20,3.713572066704308,True
5c1f9ad402,20,3.713572066704308,True
49f328a841,20,3.713572066704308,True
d2c02f34fa,20,3.713572066704308,True
4def0866fc,20,2.0014800002101243,False
1a1be37dc5,20,3.713572066704308,True
c0ba0e842f,20,3.713572066704308,True
9f09924a05,20,3.713572066704308,True
4856a9a2aa,20,3.713572066704308,True
27eaf7a1f6,20,3.713572066704308,True
a075e97191,20,3.713572066704308,True
ab0de2164f,20,3.713572066704308,True
9d61f4e4ff,20,3.713572066704308,True
84dd9f69a7,20,2.0014800002101243,False
feaa89a2f6,20,2.0014800002101243,False
07ba8e2a6c,20,3.713572066704308,True
b9fbd96f6c,20,2.5649493574615367,False
59a3a5d43f,20,2.5649493574615367,False
a4075fda20,20,2.0014800002101243,False
7599e228ac,20,3.713572066704308,True
8a057baece,20,3.713572066704308,True
fda74171cf,20,3.713572066704308,True
25f22f89be,20,3.713572066704308,True
cabbe5aa0b,20,3.713572066704308,True
7dbb44c741,20,1.0360919316867758,False
912f4dbaac,20,2.0014800002101243,False
1294d89d1c,20,3.713572066704308,True
77ab6337fe,20,2.5649493574615367,False
673e9ff4e4,20,0.38566248081198473,False
a21f87697d,20,3.713572066704308,True
ce36fd06db,20,3.713572066704308,True
c81e93ea0b,20,3.713572066704308,True
e43deee299,20,3.713572066704308,True
43b5f56de7,20,2.0014800002101243,False
5319eb5029,20,1.2992829841302609,False
953d5eeb6b,20,2.0014800002101243,False
f107af0fff,20,0.8023464725249373,False
878a627f79,20,3.713572066704308,True
3ea3255cf8,20,3.713572066704308,True
9dc6517842,20,3.713572066704308,True
246d3e5e29,20,0.19105523676270922,False
bf30baa3d5,20,3.713572066704308,True
3205297803,20,2.5649493574615367,False
6cb408dc5c,20,3.713572066704308,True
64741aa620,20,2.5649493574615367,False
218279db99,20,2.5649493574615367,False
49acaf3a06,20,3.713572066704308,True
7a25001fc8,20,3.713572066704308,True
9be7ad12e5,20,2.512305623976115,False
a3af84a054,20,2.0014800002101243,False
ab93b5b119,20,2.5649493574615367,False
d7c93c454c,20,1.6094379124341003,False
f807232caf,20,2.0014800002101243,False
da63d02753,20,3.713572066704308,True
8199f5bd0a,20,3.713572066704308,True
8088bcdc5f,20,1.2992829841302609,False
21e9bd9d38,20,3.713572066704308,True
df156b7786,20,2.5649493574615367,False
f2dc472681,20,3.713572066704308,True
